first_name,last_name,event_id
Barry,Towne,1
Barry,Towne,5
Barry,Towne,7
Ethyl,Donnelly,6
Ethyl,Donnelly,5
Ethyl,Donnelly,3
Philp,Breitenberg,4
Philp,Breitenberg,7
Philp,Breitenberg,3
Fred,Hettinger,7
Fred,Hettinger,2
Fred,Hettinger,1
Freeda,Koelpin,6
Freeda,Koelpin,5
Freeda,Koelpin,3
Gaya,Considine,7
Gaya,Considine,3
Gaya,Considine,1
Gillian,Gerhold,2
Gillian,Gerhold,3
Gillian,Gerhold,4
Gloria,Williamson,4
Gloria,Williamson,5
Gloria,Williamson,7
Gordon,Kirlin,6
Gordon,Kirlin,2
Gordon,Kirlin,1
Isabell,Prosacco,6
Isabell,Prosacco,5
Isabell,Prosacco,7
Jacky,Renner,3
Jacky,Renner,1
Jacky,Renner,7
Kaitlyn,Tillman,4
Kaitlyn,Tillman,3
Kaitlyn,Tillman,2
Laverna,D'Amore,7
Laverna,D'Amore,4
Laverna,D'Amore,2
Lonnie,Kreiger,4
Lonnie,Kreiger,1
Lonnie,Kreiger,3
Maeve,Hahn,5
Maeve,Hahn,6
Maeve,Hahn,1
Marcia,Corkery,4
Marcia,Corkery,2
Marcia,Corkery,6
Melyssa,Boehm,5
Melyssa,Boehm,7
Melyssa,Boehm,6
Muriel,Metz,1
Muriel,Metz,6
Muriel,Metz,2
Nat,Conn,5
Nat,Conn,3
Nat,Conn,6
Orin,Bahringer,2
Orin,Bahringer,3
Orin,Bahringer,6
Pascale,Hayes,3
Pascale,Hayes,6
Pascale,Hayes,7
Phoebe,Collier,6
Phoebe,Collier,1
Phoebe,Collier,4
Rowena,Walsh,4
Rowena,Walsh,2
Rowena,Walsh,3
Sabryna,Schowalter,5
Sabryna,Schowalter,2
Sabryna,Schowalter,6
Jorge,Pacocha,1
Jorge,Pacocha,7
Jorge,Pacocha,6
Sanford,Toy,6
Sanford,Toy,5
Sanford,Toy,7
Viola,Wisozk,1
Viola,Wisozk,6
Viola,Wisozk,7
